﻿{
  "configurations": [
    {
      "name": "x64-Clang-Debug",
      "generator": "Ninja",
      "configurationType": "Debug",
      "buildRoot": "${projectDir}\\out\\build\\${name}",
      "installRoot": "${projectDir}\\out\\install\\${name}",
      "cmakeCommandArgs": "-DCMAKE_TOOLCHAIN_FILE=\"C:\\Program Files (x86)\\vcpkg\\scripts\\buildsystems\\vcpkg.cmake\" -DVCPKG_TARGET_TRIPLET=x64-windows-mixed",
      "buildCommandArgs": "",
      "ctestCommandArgs": "",
      "cmakeToolchain": "C:/Program Files (x86)/vcpkg/triplets/x64-windows-mixed.cmake",
      "inheritEnvironments": [ "clang_cl_x64_x64" ]
    }
  ]
}